province,province_lat,province_lng,honey_plant,plant_type,source_category,start_month,end_month,peak_month,flowering_months,nectar_yield_kg_per_colony,honey_grade,temp_range_c,notes
广东,23.1291,113.2644,油菜,草本(农作物),主要蜜源,1,1,1,1,10~30,一等,18~25,"分布最广的蜜源植物,南方12-4月/北方5-7月"
广东,23.1291,113.2644,荔枝(早),乔木,主要蜜源,1,2,1,1,2,10~20,二等,20~28,早熟品种如三月红
广东,23.1291,113.2644,柑橘,乔木,主要蜜源,2,2,2,2,10~20,二等,22,包括柑桔橙柚等
广东,23.1291,113.2644,荔枝(中),乔木,主要蜜源,3,3,3,3,10~20,二等,20~28,中熟品种如妃子笑
广东,23.1291,113.2644,荔枝(晚),乔木,主要蜜源,4,4,4,4,10~20,二等,20~28,晚熟品种如桂味糯米糍
广东,23.1291,113.2644,龙眼,乔木,主要蜜源,3,4,3,3,4,15~25,一等,24~26,优质蜜源有明显大小年
广东,23.1291,113.2644,鸭脚木,乔木,主要蜜源,10,12,11,10,11,12,10~15,二等,8~22,鹅掌柴闽粤桂秋冬蜜源
广东,23.1291,113.2644,野桂花,灌木/小乔木,主要蜜源,11,12,12,11,12,20~30,一等,14~20,柃属植物华南秋冬优质蜜源
广西,22.817,108.3665,油菜,草本(农作物),主要蜜源,1,2,1,1,2,10~30,一等,18~25,分布最广的蜜源植物
广西,22.817,108.3665,荔枝,乔木,主要蜜源,3,3,3,3,10~20,二等,20~28,有明显大小年
广西,22.817,108.3665,龙眼,乔木,主要蜜源,3,4,4,3,4,15~25,一等,24~26,优质蜜源有明显大小年
广西,22.817,108.3665,桉树,乔木,辅助蜜源,8,8,8,8,8~15,二等,20~30,华南多种桉树泌蜜量中
广西,22.817,108.3665,野桂花,灌木/小乔木,主要蜜源,11,12,12,11,12,20~30,一等,14~20,柃属植物华南秋冬优质蜜源
云南,25.0389,102.7183,油菜,草本(农作物),主要蜜源,1,2,1,1,2,10~30,一等,18~25,分布最广的蜜源植物
云南,25.0389,102.7183,白刺花,灌木,主要蜜源,2,4,3,2,3,4,20~30,一等,25,云南高原春夏蜜源
云南,25.0389,102.7183,荞麦,草本(农作物),主要蜜源,8,8,8,8,30~40,三等,25~28,蜜色深褐味重多作越冬饲料
云南,25.0389,102.7183,野坝子,灌木,主要蜜源,9,11,10,9,10,11,15~20,一等,20~22,云南高原秋冬季重要蜜源
云南,25.0389,102.7183,野桂花,灌木/小乔木,主要蜜源,12,12,12,12,20~30,一等,14~20,柃属植物华南秋冬优质蜜源
福建,26.0745,119.2965,油菜,草本(农作物),主要蜜源,1,1,1,1,10~30,一等,18~25,分布最广的蜜源植物
福建,26.0745,119.2965,荔枝,乔木,主要蜜源,2,3,2,2,3,10~20,二等,20~28,有明显大小年
福建,26.0745,119.2965,龙眼,乔木,主要蜜源,3,4,3,3,4,15~25,一等,24~26,优质蜜源有明显大小年
福建,26.0745,119.2965,乌桕,乔木,主要蜜源,6,7,6,6,7,20~40,二等,25~32,鄂湘黔闽主要蜜源
福建,26.0745,119.2965,野桂花,灌木/小乔木,主要蜜源,10,10,10,10,20~30,一等,14~20,柃属植物华南秋冬优质蜜源
福建,26.0745,119.2965,枇杷,乔木,辅助蜜源,11,11,11,11,5~10,二等,18~22,秋冬开花蜜质优
福建,26.0745,119.2965,鸭脚木,乔木,主要蜜源,11,12,12,11,12,10~15,二等,8~22,鹅掌柴闽粤桂秋冬蜜源
四川,30.5728,104.0668,油菜,草本(农作物),主要蜜源,2,3,2,2,3,10~30,一等,18~25,分布最广的蜜源植物
四川,30.5728,104.0668,柑橘,乔木,主要蜜源,4,4,4,4,10~20,二等,22,包括柑桔橙柚等
四川,30.5728,104.0668,刺槐,乔木,主要蜜源,5,5,5,5,20~40,一等,27,洋槐蜜花期仅7-10天水白透明
四川,30.5728,104.0668,乌桕,乔木,主要蜜源,6,6,6,6,20~40,二等,25~32,鄂湘黔闽主要蜜源
四川,30.5728,104.0668,荆条,灌木,主要蜜源,7,7,7,7,20~40,一等,25~28,华北主要蜜源花期长达30天+
四川,30.5728,104.0668,荞麦,草本(农作物),主要蜜源,9,9,9,9,30~40,三等,25~28,蜜色深褐味重多作越冬饲料
江西,28.6829,115.858,油菜,草本(农作物),主要蜜源,3,3,3,3,10~30,一等,18~25,分布最广的蜜源植物
江西,28.6829,115.858,紫云英,草本,主要蜜源,3,4,3,3,4,20~50,一等,25,长江中下游主要绿肥作物
江西,28.6829,115.858,柑橘,乔木,主要蜜源,5,5,5,5,10~20,二等,22,包括柑桔橙柚等
江西,28.6829,115.858,棉花,草本(农作物),主要蜜源,7,7,7,7,50~100,三等,35~38,泌蜜量大但蜜质一般
江西,28.6829,115.858,野桂花,灌木/小乔木,主要蜜源,10,10,10,10,20~30,一等,14~20,柃属植物华南秋冬优质蜜源
湖南,28.2282,112.9388,油菜,草本(农作物),主要蜜源,2,3,2,2,3,10~30,一等,18~25,分布最广的蜜源植物
湖南,28.2282,112.9388,紫云英,草本,主要蜜源,3,3,3,3,20~50,一等,25,长江中下游主要绿肥作物
湖南,28.2282,112.9388,柑橘,乔木,主要蜜源,4,4,4,4,10~20,二等,22,包括柑桔橙柚等
湖南,28.2282,112.9388,棉花,草本(农作物),主要蜜源,7,8,7,7,8,50~100,三等,35~38,泌蜜量大但蜜质一般
湖南,28.2282,112.9388,荞麦,草本(农作物),主要蜜源,9,9,9,9,30~40,三等,25~28,蜜色深褐味重多作越冬饲料
湖北,30.5928,114.3055,油菜,草本(农作物),主要蜜源,3,3,3,3,10~30,一等,18~25,分布最广的蜜源植物
湖北,30.5928,114.3055,紫云英,草本,主要蜜源,3,4,3,3,4,20~50,一等,25,长江中下游主要绿肥作物
湖北,30.5928,114.3055,荆条,灌木,主要蜜源,5,5,5,5,20~40,一等,25~28,华北主要蜜源花期长达30天+
湖北,30.5928,114.3055,柑橘,乔木,主要蜜源,5,5,5,5,10~20,二等,22,包括柑桔橙柚等
湖北,30.5928,114.3055,棉花,草本(农作物),主要蜜源,7,8,7,7,8,50~100,三等,35~38,泌蜜量大但蜜质一般
江苏,32.0603,118.7969,油菜,草本(农作物),主要蜜源,2,4,3,2,3,4,10~30,一等,18~25,分布最广的蜜源植物
江苏,32.0603,118.7969,刺槐,乔木,主要蜜源,4,4,4,4,20~40,一等,27,洋槐蜜花期仅7-10天水白透明
江苏,32.0603,118.7969,枣树,乔木,主要蜜源,6,6,6,6,15~30,二等,26~32,枣花蜜干热天气泌蜜好
浙江,30.2741,120.1551,油菜,草本(农作物),主要蜜源,2,3,2,2,3,10~30,一等,18~25,分布最广的蜜源植物
浙江,30.2741,120.1551,紫云英,草本,主要蜜源,3,3,3,3,20~50,一等,25,长江中下游主要绿肥作物
浙江,30.2741,120.1551,柑橘,乔木,主要蜜源,4,5,4,4,5,10~20,二等,22,包括柑桔橙柚等
浙江,30.2741,120.1551,野桂花,灌木/小乔木,主要蜜源,10,10,10,10,20~30,一等,14~20,柃属植物华南秋冬优质蜜源
浙江,30.2741,120.1551,枇杷,乔木,辅助蜜源,11,12,11,11,12,5~10,二等,18~22,秋冬开花蜜质优
安徽,31.8206,117.2272,油菜,草本(农作物),主要蜜源,2,3,2,2,3,10~30,一等,18~25,分布最广的蜜源植物
安徽,31.8206,117.2272,紫云英,草本,主要蜜源,3,3,3,3,20~50,一等,25,长江中下游主要绿肥作物
安徽,31.8206,117.2272,刺槐,乔木,主要蜜源,4,4,4,4,20~40,一等,27,洋槐蜜花期仅7-10天水白透明
安徽,31.8206,117.2272,枣树,乔木,主要蜜源,5,5,5,5,15~30,二等,26~32,枣花蜜干热天气泌蜜好
安徽,31.8206,117.2272,棉花,草本(农作物),主要蜜源,7,7,7,7,50~100,三等,35~38,泌蜜量大但蜜质一般
山东,36.6516,117.1201,刺槐,乔木,主要蜜源,4,5,4,4,5,20~40,一等,27,洋槐蜜花期仅7-10天水白透明
山东,36.6516,117.1201,枣树,乔木,主要蜜源,5,5,5,5,15~30,二等,26~32,枣花蜜干热天气泌蜜好
山东,36.6516,117.1201,棉花,草本(农作物),主要蜜源,7,8,7,7,8,50~100,三等,35~38,泌蜜量大但蜜质一般
河南,34.7466,113.6254,油菜,草本(农作物),主要蜜源,3,3,3,3,10~30,一等,18~25,分布最广的蜜源植物
河南,34.7466,113.6254,刺槐,乔木,主要蜜源,4,4,4,4,20~40,一等,27,洋槐蜜花期仅7-10天水白透明
河南,34.7466,113.6254,枣花,乔木,主要蜜源,5,5,5,5,15~30,二等,26~32,枣花蜜干热天气泌蜜好
河南,34.7466,113.6254,荆条,灌木,主要蜜源,6,6,6,6,20~40,一等,25~28,华北主要蜜源花期长达30天+
河南,34.7466,113.6254,棉花,草本(农作物),主要蜜源,7,7,7,7,50~100,三等,35~38,泌蜜量大但蜜质一般
河南,34.7466,113.6254,荞麦,草本(农作物),主要蜜源,9,9,9,9,30~40,三等,25~28,蜜色深褐味重多作越冬饲料
河北,38.0455,114.502,刺槐,乔木,主要蜜源,5,5,5,5,20~40,一等,27,洋槐蜜花期仅7-10天水白透明
河北,38.0455,114.502,荆条,灌木,主要蜜源,6,7,6,6,7,20~40,一等,25~28,华北主要蜜源花期长达30天+
河北,38.0455,114.502,枣花,乔木,主要蜜源,6,6,6,6,15~30,二等,26~32,枣花蜜干热天气泌蜜好
河北,38.0455,114.502,向日葵,草本(农作物),主要蜜源,8,8,8,8,30~50,三等,22~27,东北华北西北主要蜜源
河北,38.0455,114.502,荞麦,草本(农作物),主要蜜源,9,9,9,9,30~40,三等,25~28,蜜色深褐味重多作越冬饲料
山西,37.8706,112.5489,刺槐,乔木,主要蜜源,4,5,4,4,5,20~40,一等,27,洋槐蜜花期仅7-10天水白透明
山西,37.8706,112.5489,枣花,乔木,主要蜜源,5,5,5,5,15~30,二等,26~32,枣花蜜干热天气泌蜜好
山西,37.8706,112.5489,荆条,灌木,主要蜜源,6,7,6,6,7,20~40,一等,25~28,华北主要蜜源花期长达30天+
山西,37.8706,112.5489,向日葵,草本(农作物),主要蜜源,8,8,8,8,30~50,三等,22~27,东北华北西北主要蜜源
山西,37.8706,112.5489,荞麦,草本(农作物),主要蜜源,9,9,9,9,30~40,三等,25~28,蜜色深褐味重多作越冬饲料
陕西,34.3416,108.9398,油菜,草本(农作物),主要蜜源,3,3,3,3,10~30,一等,18~25,分布最广的蜜源植物
陕西,34.3416,108.9398,刺槐,乔木,主要蜜源,4,4,4,4,20~40,一等,27,洋槐蜜花期仅7-10天水白透明
陕西,34.3416,108.9398,枣花,乔木,主要蜜源,5,5,5,5,15~30,二等,26~32,枣花蜜干热天气泌蜜好
陕西,34.3416,108.9398,荆条,灌木,主要蜜源,6,6,6,6,20~40,一等,25~28,华北主要蜜源花期长达30天+
陕西,34.3416,108.9398,荞麦,草本(农作物),主要蜜源,8,8,8,8,30~40,三等,25~28,蜜色深褐味重多作越冬饲料
甘肃,36.0613,103.834,刺槐,乔木,主要蜜源,5,5,5,5,20~40,一等,27,洋槐蜜花期仅7-10天水白透明
甘肃,36.0613,103.834,紫花苜蓿,草本(农作物),辅助蜜源,7,7,7,7,5~10,三等,25~30,牧草兼蜜源
甘肃,36.0613,103.834,荞麦,草本(农作物),主要蜜源,8,9,8,8,9,30~40,三等,25~28,蜜色深褐味重多作越冬饲料
内蒙古,40.8422,111.7498,老瓜头,草本,主要蜜源,6,7,6,6,7,50~60,二等,25~30,内蒙古宁夏干旱地区重要蜜源
内蒙古,40.8422,111.7498,向日葵,草本(农作物),主要蜜源,8,8,8,8,30~50,三等,22~27,东北华北西北主要蜜源
内蒙古,40.8422,111.7498,荞麦,草本(农作物),主要蜜源,8,9,8,8,9,30~40,三等,25~28,蜜色深褐味重多作越冬饲料
新疆,43.7928,87.617,沙枣,乔木,辅助蜜源,5,5,5,5,10~15,二等,25~30,西北地区防风固沙植物
新疆,43.7928,87.617,刺槐,乔木,主要蜜源,5,5,5,5,20~40,一等,27,洋槐蜜花期仅7-10天水白透明
新疆,43.7928,87.617,紫花苜蓿,草本(农作物),辅助蜜源,7,7,7,7,5~10,三等,25~30,牧草兼蜜源
新疆,43.7928,87.617,棉花,草本(农作物),主要蜜源,8,9,8,8,9,50~100,三等,35~38,泌蜜量大但蜜质一般
辽宁,41.8057,123.4315,刺槐,乔木,主要蜜源,4,5,4,4,5,20~40,一等,27,洋槐蜜花期仅7-10天水白透明
辽宁,41.8057,123.4315,荆条,灌木,主要蜜源,6,7,6,6,7,20~40,一等,25~28,华北主要蜜源花期长达30天+
辽宁,41.8057,123.4315,椴树,乔木,主要蜜源,7,7,7,7,20~30,一等,22~25,东北著名蜜源含紫椴糠椴
辽宁,41.8057,123.4315,向日葵,草本(农作物),主要蜜源,8,8,8,8,30~50,三等,22~27,东北华北西北主要蜜源
辽宁,41.8057,123.4315,荞麦,草本(农作物),主要蜜源,9,9,9,9,30~40,三等,25~28,蜜色深褐味重多作越冬饲料
吉林,43.8961,125.3265,椴树,乔木,主要蜜源,7,7,7,7,20~30,一等,22~25,东北著名蜜源含紫椴糠椴
吉林,43.8961,125.3265,胡枝子,灌木,辅助蜜源,8,8,8,8,10~15,三等,25~30,东北林区秋季辅助蜜源
吉林,43.8961,125.3265,向日葵,草本(农作物),主要蜜源,8,8,8,8,30~50,三等,22~27,东北华北西北主要蜜源
黑龙江,45.8038,126.535,油菜,草本(农作物),主要蜜源,5,5,5,5,10~30,一等,18~25,春油菜为主
黑龙江,45.8038,126.535,椴树,乔木,主要蜜源,6,7,7,6,7,20~30,一等,22~25,东北著名蜜源含紫椴糠椴
黑龙江,45.8038,126.535,向日葵,草本(农作物),主要蜜源,8,8,8,8,30~50,三等,22~27,东北华北西北主要蜜源
贵州,26.6477,106.6302,油菜,草本(农作物),主要蜜源,2,3,2,2,3,10~30,一等,18~25,分布最广的蜜源植物
贵州,26.6477,106.6302,刺槐,乔木,主要蜜源,4,4,4,4,20~40,一等,27,洋槐蜜花期仅7-10天水白透明
贵州,26.6477,106.6302,柑橘,乔木,主要蜜源,4,4,4,4,10~20,二等,22,包括柑桔橙柚等
贵州,26.6477,106.6302,荆条,灌木,主要蜜源,5,6,5,5,6,20~40,一等,25~28,华北主要蜜源花期长达30天+
贵州,26.6477,106.6302,荞麦,草本(农作物),主要蜜源,9,9,9,9,30~40,三等,25~28,蜜色深褐味重多作越冬饲料
宁夏,38.472,106.2589,老瓜头,草本,主要蜜源,6,7,6,6,7,50~60,二等,25~30,内蒙古宁夏干旱地区重要蜜源
宁夏,38.472,106.2589,荞麦,草本(农作物),主要蜜源,8,9,8,8,9,30~40,三等,25~28,蜜色深褐味重多作越冬饲料
