granularity,year,province,province_lat,province_lng,region,location,crop,rental_price_range_yuan,rental_price_mid_yuan,colonies_per_ha,period_days,pollination_demand,data_source
pollination_service,2018,山东,36.6516,117.1201,华东,山东烟台,苹果,207-307,257,12,18,高,compiled_from_news_reports_simulated
pollination_service,2019,山东,36.6516,117.1201,华东,山东烟台,苹果,213-313,263,12,18,高,compiled_from_news_reports_simulated
pollination_service,2020,山东,36.6516,117.1201,华东,山东烟台,苹果,203-303,253,12,18,高,compiled_from_news_reports_simulated
pollination_service,2021,山东,36.6516,117.1201,华东,山东烟台,苹果,220-320,270,12,18,高,compiled_from_news_reports_simulated
pollination_service,2022,山东,36.6516,117.1201,华东,山东烟台,苹果,222-322,272,12,18,高,compiled_from_news_reports_simulated
pollination_service,2023,山东,36.6516,117.1201,华东,山东烟台,苹果,228-328,278,12,18,高,compiled_from_news_reports_simulated
pollination_service,2024,山东,36.6516,117.1201,华东,山东烟台,苹果,255-355,305,12,18,高,compiled_from_news_reports_simulated
pollination_service,2025,山东,36.6516,117.1201,华东,山东烟台,苹果,261-361,311,12,18,高,compiled_from_news_reports_simulated
pollination_service,2018,山东,36.6516,117.1201,华东,山东临朐,樱桃（大棚）,273-323,298,18,20,极高,compiled_from_news_reports_simulated
pollination_service,2019,山东,36.6516,117.1201,华东,山东临朐,樱桃（大棚）,297-347,322,18,20,极高,compiled_from_news_reports_simulated
pollination_service,2020,山东,36.6516,117.1201,华东,山东临朐,樱桃（大棚）,279-329,304,18,20,极高,compiled_from_news_reports_simulated
pollination_service,2021,山东,36.6516,117.1201,华东,山东临朐,樱桃（大棚）,315-365,340,18,20,极高,compiled_from_news_reports_simulated
pollination_service,2022,山东,36.6516,117.1201,华东,山东临朐,樱桃（大棚）,306-356,331,18,20,极高,compiled_from_news_reports_simulated
pollination_service,2023,山东,36.6516,117.1201,华东,山东临朐,樱桃（大棚）,328-378,353,18,20,极高,compiled_from_news_reports_simulated
pollination_service,2024,山东,36.6516,117.1201,华东,山东临朐,樱桃（大棚）,334-384,359,18,20,极高,compiled_from_news_reports_simulated
pollination_service,2025,山东,36.6516,117.1201,华东,山东临朐,樱桃（大棚）,351-401,376,18,20,极高,compiled_from_news_reports_simulated
pollination_service,2018,陕西,34.3416,108.9398,西北,陕西子洲,山地苹果,201-301,251,9,18,高,compiled_from_news_reports_simulated
pollination_service,2019,陕西,34.3416,108.9398,西北,陕西子洲,山地苹果,205-305,255,9,18,高,compiled_from_news_reports_simulated
pollination_service,2020,陕西,34.3416,108.9398,西北,陕西子洲,山地苹果,224-324,274,9,18,高,compiled_from_news_reports_simulated
pollination_service,2021,陕西,34.3416,108.9398,西北,陕西子洲,山地苹果,218-318,268,9,18,高,compiled_from_news_reports_simulated
pollination_service,2022,陕西,34.3416,108.9398,西北,陕西子洲,山地苹果,231-331,281,9,18,高,compiled_from_news_reports_simulated
pollination_service,2023,陕西,34.3416,108.9398,西北,陕西子洲,山地苹果,235-335,285,9,18,高,compiled_from_news_reports_simulated
pollination_service,2024,陕西,34.3416,108.9398,西北,陕西子洲,山地苹果,244-344,294,9,18,高,compiled_from_news_reports_simulated
pollination_service,2025,陕西,34.3416,108.9398,西北,陕西子洲,山地苹果,245-345,295,9,18,高,compiled_from_news_reports_simulated
pollination_service,2018,四川,30.5728,104.0668,西南,四川眉山,猕猴桃,270-350,310,12,13,极高,compiled_from_news_reports_simulated
pollination_service,2019,四川,30.5728,104.0668,西南,四川眉山,猕猴桃,255-335,295,12,13,极高,compiled_from_news_reports_simulated
pollination_service,2020,四川,30.5728,104.0668,西南,四川眉山,猕猴桃,291-371,331,12,13,极高,compiled_from_news_reports_simulated
pollination_service,2021,四川,30.5728,104.0668,西南,四川眉山,猕猴桃,298-378,338,12,13,极高,compiled_from_news_reports_simulated
pollination_service,2022,四川,30.5728,104.0668,西南,四川眉山,猕猴桃,284-364,324,12,13,极高,compiled_from_news_reports_simulated
pollination_service,2023,四川,30.5728,104.0668,西南,四川眉山,猕猴桃,310-390,350,12,13,极高,compiled_from_news_reports_simulated
pollination_service,2024,四川,30.5728,104.0668,西南,四川眉山,猕猴桃,304-384,344,12,13,极高,compiled_from_news_reports_simulated
pollination_service,2025,四川,30.5728,104.0668,西南,四川眉山,猕猴桃,318-398,358,12,13,极高,compiled_from_news_reports_simulated
pollination_service,2018,四川,30.5728,104.0668,西南,四川眉山,桃,174-224,199,8,12,中,compiled_from_news_reports_simulated
pollination_service,2019,四川,30.5728,104.0668,西南,四川眉山,桃,178-228,203,8,12,中,compiled_from_news_reports_simulated
pollination_service,2020,四川,30.5728,104.0668,西南,四川眉山,桃,182-232,207,8,12,中,compiled_from_news_reports_simulated
pollination_service,2021,四川,30.5728,104.0668,西南,四川眉山,桃,195-245,220,8,12,中,compiled_from_news_reports_simulated
pollination_service,2022,四川,30.5728,104.0668,西南,四川眉山,桃,208-258,233,8,12,中,compiled_from_news_reports_simulated
pollination_service,2023,四川,30.5728,104.0668,西南,四川眉山,桃,212-262,237,8,12,中,compiled_from_news_reports_simulated
pollination_service,2024,四川,30.5728,104.0668,西南,四川眉山,桃,207-257,232,8,12,中,compiled_from_news_reports_simulated
pollination_service,2025,四川,30.5728,104.0668,西南,四川眉山,桃,212-262,237,8,12,中,compiled_from_news_reports_simulated
pollination_service,2018,新疆,43.7928,87.617,西北,新疆奇台,食葵,159-209,184,4,23,中,compiled_from_news_reports_simulated
pollination_service,2019,新疆,43.7928,87.617,西北,新疆奇台,食葵,161-211,186,4,23,中,compiled_from_news_reports_simulated
pollination_service,2020,新疆,43.7928,87.617,西北,新疆奇台,食葵,163-213,188,4,23,中,compiled_from_news_reports_simulated
pollination_service,2021,新疆,43.7928,87.617,西北,新疆奇台,食葵,173-223,198,4,23,中,compiled_from_news_reports_simulated
pollination_service,2022,新疆,43.7928,87.617,西北,新疆奇台,食葵,175-225,200,4,23,中,compiled_from_news_reports_simulated
pollination_service,2023,新疆,43.7928,87.617,西北,新疆奇台,食葵,177-227,202,4,23,中,compiled_from_news_reports_simulated
pollination_service,2024,新疆,43.7928,87.617,西北,新疆奇台,食葵,181-231,206,4,23,中,compiled_from_news_reports_simulated
pollination_service,2025,新疆,43.7928,87.617,西北,新疆奇台,食葵,197-247,222,4,23,中,compiled_from_news_reports_simulated
pollination_service,2018,新疆,43.7928,87.617,西北,新疆特克斯,新梅（李子）,43-83,63,8,18,高,compiled_from_news_reports_simulated
pollination_service,2019,新疆,43.7928,87.617,西北,新疆特克斯,新梅（李子）,44-84,64,8,18,高,compiled_from_news_reports_simulated
pollination_service,2020,新疆,43.7928,87.617,西北,新疆特克斯,新梅（李子）,46-86,66,8,18,高,compiled_from_news_reports_simulated
pollination_service,2021,新疆,43.7928,87.617,西北,新疆特克斯,新梅（李子）,47-87,67,8,18,高,compiled_from_news_reports_simulated
pollination_service,2022,新疆,43.7928,87.617,西北,新疆特克斯,新梅（李子）,48-88,68,8,18,高,compiled_from_news_reports_simulated
pollination_service,2023,新疆,43.7928,87.617,西北,新疆特克斯,新梅（李子）,46-86,66,8,18,高,compiled_from_news_reports_simulated
pollination_service,2024,新疆,43.7928,87.617,西北,新疆特克斯,新梅（李子）,49-89,69,8,18,高,compiled_from_news_reports_simulated
pollination_service,2025,新疆,43.7928,87.617,西北,新疆特克斯,新梅（李子）,51-91,71,8,18,高,compiled_from_news_reports_simulated
pollination_service,2018,安徽,31.8206,117.2272,华东,安徽怀宁,蓝莓,190-290,240,20,18,极高,compiled_from_news_reports_simulated
pollination_service,2019,安徽,31.8206,117.2272,华东,安徽怀宁,蓝莓,204-304,254,20,18,极高,compiled_from_news_reports_simulated
pollination_service,2020,安徽,31.8206,117.2272,华东,安徽怀宁,蓝莓,213-313,263,20,18,极高,compiled_from_news_reports_simulated
pollination_service,2021,安徽,31.8206,117.2272,华东,安徽怀宁,蓝莓,234-334,284,20,18,极高,compiled_from_news_reports_simulated
pollination_service,2022,安徽,31.8206,117.2272,华东,安徽怀宁,蓝莓,222-322,272,20,18,极高,compiled_from_news_reports_simulated
pollination_service,2023,安徽,31.8206,117.2272,华东,安徽怀宁,蓝莓,242-342,292,20,18,极高,compiled_from_news_reports_simulated
pollination_service,2024,安徽,31.8206,117.2272,华东,安徽怀宁,蓝莓,245-345,295,20,18,极高,compiled_from_news_reports_simulated
pollination_service,2025,安徽,31.8206,117.2272,华东,安徽怀宁,蓝莓,247-347,297,20,18,极高,compiled_from_news_reports_simulated
pollination_service,2018,云南,25.0389,102.7183,西南,云南红河,蓝莓,486-636,561,20,18,极高,compiled_from_news_reports_simulated
pollination_service,2019,云南,25.0389,102.7183,西南,云南红河,蓝莓,478-628,553,20,18,极高,compiled_from_news_reports_simulated
pollination_service,2020,云南,25.0389,102.7183,西南,云南红河,蓝莓,531-681,606,20,18,极高,compiled_from_news_reports_simulated
pollination_service,2021,云南,25.0389,102.7183,西南,云南红河,蓝莓,540-690,615,20,18,极高,compiled_from_news_reports_simulated
pollination_service,2022,云南,25.0389,102.7183,西南,云南红河,蓝莓,524-674,599,20,18,极高,compiled_from_news_reports_simulated
pollination_service,2023,云南,25.0389,102.7183,西南,云南红河,蓝莓,545-695,620,20,18,极高,compiled_from_news_reports_simulated
pollination_service,2024,云南,25.0389,102.7183,西南,云南红河,蓝莓,585-735,660,20,18,极高,compiled_from_news_reports_simulated
pollination_service,2025,云南,25.0389,102.7183,西南,云南红河,蓝莓,605-755,680,20,18,极高,compiled_from_news_reports_simulated
pollination_service,2018,浙江,30.2741,120.1551,华东,浙江嘉兴,草莓（大棚）,161-361,261,15,25,高,compiled_from_news_reports_simulated
pollination_service,2019,浙江,30.2741,120.1551,华东,浙江嘉兴,草莓（大棚）,169-369,269,15,25,高,compiled_from_news_reports_simulated
pollination_service,2020,浙江,30.2741,120.1551,华东,浙江嘉兴,草莓（大棚）,171-371,271,15,25,高,compiled_from_news_reports_simulated
pollination_service,2021,浙江,30.2741,120.1551,华东,浙江嘉兴,草莓（大棚）,178-378,278,15,25,高,compiled_from_news_reports_simulated
pollination_service,2022,浙江,30.2741,120.1551,华东,浙江嘉兴,草莓（大棚）,170-370,270,15,25,高,compiled_from_news_reports_simulated
pollination_service,2023,浙江,30.2741,120.1551,华东,浙江嘉兴,草莓（大棚）,178-378,278,15,25,高,compiled_from_news_reports_simulated
pollination_service,2024,浙江,30.2741,120.1551,华东,浙江嘉兴,草莓（大棚）,197-397,297,15,25,高,compiled_from_news_reports_simulated
pollination_service,2025,浙江,30.2741,120.1551,华东,浙江嘉兴,草莓（大棚）,213-413,313,15,25,高,compiled_from_news_reports_simulated
pollination_service,2018,湖北,30.5928,114.3055,华中,湖北武汉,草莓（大棚）,355-455,405,15,25,高,compiled_from_news_reports_simulated
pollination_service,2019,湖北,30.5928,114.3055,华中,湖北武汉,草莓（大棚）,372-472,422,15,25,高,compiled_from_news_reports_simulated
pollination_service,2020,湖北,30.5928,114.3055,华中,湖北武汉,草莓（大棚）,394-494,444,15,25,高,compiled_from_news_reports_simulated
pollination_service,2021,湖北,30.5928,114.3055,华中,湖北武汉,草莓（大棚）,404-504,454,15,25,高,compiled_from_news_reports_simulated
pollination_service,2022,湖北,30.5928,114.3055,华中,湖北武汉,草莓（大棚）,398-498,448,15,25,高,compiled_from_news_reports_simulated
pollination_service,2023,湖北,30.5928,114.3055,华中,湖北武汉,草莓（大棚）,393-493,443,15,25,高,compiled_from_news_reports_simulated
pollination_service,2024,湖北,30.5928,114.3055,华中,湖北武汉,草莓（大棚）,413-513,463,15,25,高,compiled_from_news_reports_simulated
pollination_service,2025,湖北,30.5928,114.3055,华中,湖北武汉,草莓（大棚）,450-550,500,15,25,高,compiled_from_news_reports_simulated
pollination_service,2018,上海,31.2304,121.4737,华东,上海嘉定,草莓,248-348,298,13,20,中高,compiled_from_news_reports_simulated
pollination_service,2019,上海,31.2304,121.4737,华东,上海嘉定,草莓,258-358,308,13,20,中高,compiled_from_news_reports_simulated
pollination_service,2020,上海,31.2304,121.4737,华东,上海嘉定,草莓,257-357,307,13,20,中高,compiled_from_news_reports_simulated
pollination_service,2021,上海,31.2304,121.4737,华东,上海嘉定,草莓,268-368,318,13,20,中高,compiled_from_news_reports_simulated
pollination_service,2022,上海,31.2304,121.4737,华东,上海嘉定,草莓,292-392,342,13,20,中高,compiled_from_news_reports_simulated
pollination_service,2023,上海,31.2304,121.4737,华东,上海嘉定,草莓,298-398,348,13,20,中高,compiled_from_news_reports_simulated
pollination_service,2024,上海,31.2304,121.4737,华东,上海嘉定,草莓,295-395,345,13,20,中高,compiled_from_news_reports_simulated
pollination_service,2025,上海,31.2304,121.4737,华东,上海嘉定,草莓,300-400,350,13,20,中高,compiled_from_news_reports_simulated
pollination_service,2018,上海,31.2304,121.4737,华东,上海嘉定,番茄,259-359,309,10,20,中,compiled_from_news_reports_simulated
pollination_service,2019,上海,31.2304,121.4737,华东,上海嘉定,番茄,248-348,298,10,20,中,compiled_from_news_reports_simulated
pollination_service,2020,上海,31.2304,121.4737,华东,上海嘉定,番茄,275-375,325,10,20,中,compiled_from_news_reports_simulated
pollination_service,2021,上海,31.2304,121.4737,华东,上海嘉定,番茄,276-376,326,10,20,中,compiled_from_news_reports_simulated
pollination_service,2022,上海,31.2304,121.4737,华东,上海嘉定,番茄,294-394,344,10,20,中,compiled_from_news_reports_simulated
pollination_service,2023,上海,31.2304,121.4737,华东,上海嘉定,番茄,306-406,356,10,20,中,compiled_from_news_reports_simulated
pollination_service,2024,上海,31.2304,121.4737,华东,上海嘉定,番茄,292-392,342,10,20,中,compiled_from_news_reports_simulated
pollination_service,2025,上海,31.2304,121.4737,华东,上海嘉定,番茄,314-414,364,10,20,中,compiled_from_news_reports_simulated
pollination_service,2018,江苏,32.0603,118.7969,华东,江苏苏州,枇杷,161-241,201,8,35,中,compiled_from_news_reports_simulated
pollination_service,2019,江苏,32.0603,118.7969,华东,江苏苏州,枇杷,167-247,207,8,35,中,compiled_from_news_reports_simulated
pollination_service,2020,江苏,32.0603,118.7969,华东,江苏苏州,枇杷,173-253,213,8,35,中,compiled_from_news_reports_simulated
pollination_service,2021,江苏,32.0603,118.7969,华东,江苏苏州,枇杷,182-262,222,8,35,中,compiled_from_news_reports_simulated
pollination_service,2022,江苏,32.0603,118.7969,华东,江苏苏州,枇杷,180-260,220,8,35,中,compiled_from_news_reports_simulated
pollination_service,2023,江苏,32.0603,118.7969,华东,江苏苏州,枇杷,195-275,235,8,35,中,compiled_from_news_reports_simulated
pollination_service,2024,江苏,32.0603,118.7969,华东,江苏苏州,枇杷,200-280,240,8,35,中,compiled_from_news_reports_simulated
pollination_service,2025,江苏,32.0603,118.7969,华东,江苏苏州,枇杷,197-277,237,8,35,中,compiled_from_news_reports_simulated
pollination_service,2018,吉林,43.8961,125.3265,东北,吉林龙井,苹果,157-257,207,9,18,高,compiled_from_news_reports_simulated
pollination_service,2019,吉林,43.8961,125.3265,东北,吉林龙井,苹果,155-255,205,9,18,高,compiled_from_news_reports_simulated
pollination_service,2020,吉林,43.8961,125.3265,东北,吉林龙井,苹果,166-266,216,9,18,高,compiled_from_news_reports_simulated
pollination_service,2021,吉林,43.8961,125.3265,东北,吉林龙井,苹果,159-259,209,9,18,高,compiled_from_news_reports_simulated
pollination_service,2022,吉林,43.8961,125.3265,东北,吉林龙井,苹果,174-274,224,9,18,高,compiled_from_news_reports_simulated
pollination_service,2023,吉林,43.8961,125.3265,东北,吉林龙井,苹果,188-288,238,9,18,高,compiled_from_news_reports_simulated
pollination_service,2024,吉林,43.8961,125.3265,东北,吉林龙井,苹果,183-283,233,9,18,高,compiled_from_news_reports_simulated
pollination_service,2025,吉林,43.8961,125.3265,东北,吉林龙井,苹果,193-293,243,9,18,高,compiled_from_news_reports_simulated
pollination_service,2018,北京,39.9042,116.4074,华北,北京昌平,樱桃（大棚）,103-153,128,15,25,极高,compiled_from_news_reports_simulated
pollination_service,2019,北京,39.9042,116.4074,华北,北京昌平,樱桃（大棚）,107-157,132,15,25,极高,compiled_from_news_reports_simulated
pollination_service,2020,北京,39.9042,116.4074,华北,北京昌平,樱桃（大棚）,107-157,132,15,25,极高,compiled_from_news_reports_simulated
pollination_service,2021,北京,39.9042,116.4074,华北,北京昌平,樱桃（大棚）,113-163,138,15,25,极高,compiled_from_news_reports_simulated
pollination_service,2022,北京,39.9042,116.4074,华北,北京昌平,樱桃（大棚）,111-161,136,15,25,极高,compiled_from_news_reports_simulated
pollination_service,2023,北京,39.9042,116.4074,华北,北京昌平,樱桃（大棚）,121-171,146,15,25,极高,compiled_from_news_reports_simulated
pollination_service,2024,北京,39.9042,116.4074,华北,北京昌平,樱桃（大棚）,117-167,142,15,25,极高,compiled_from_news_reports_simulated
pollination_service,2025,北京,39.9042,116.4074,华北,北京昌平,樱桃（大棚）,132-182,157,15,25,极高,compiled_from_news_reports_simulated
pollination_service,2018,北京,39.9042,116.4074,华北,北京昌平,草莓（大棚）,196-246,221,15,25,高,compiled_from_news_reports_simulated
pollination_service,2019,北京,39.9042,116.4074,华北,北京昌平,草莓（大棚）,203-253,228,15,25,高,compiled_from_news_reports_simulated
pollination_service,2020,北京,39.9042,116.4074,华北,北京昌平,草莓（大棚）,209-259,234,15,25,高,compiled_from_news_reports_simulated
pollination_service,2021,北京,39.9042,116.4074,华北,北京昌平,草莓（大棚）,210-260,235,15,25,高,compiled_from_news_reports_simulated
pollination_service,2022,北京,39.9042,116.4074,华北,北京昌平,草莓（大棚）,208-258,233,15,25,高,compiled_from_news_reports_simulated
pollination_service,2023,北京,39.9042,116.4074,华北,北京昌平,草莓（大棚）,212-262,237,15,25,高,compiled_from_news_reports_simulated
pollination_service,2024,北京,39.9042,116.4074,华北,北京昌平,草莓（大棚）,231-281,256,15,25,高,compiled_from_news_reports_simulated
pollination_service,2025,北京,39.9042,116.4074,华北,北京昌平,草莓（大棚）,232-282,257,15,25,高,compiled_from_news_reports_simulated
pollination_service,2018,广西,22.817,108.3665,华南,广西龙州,柑橘,58-88,73,8,18,中高,compiled_from_news_reports_simulated
pollination_service,2019,广西,22.817,108.3665,华南,广西龙州,柑橘,63-93,78,8,18,中高,compiled_from_news_reports_simulated
pollination_service,2020,广西,22.817,108.3665,华南,广西龙州,柑橘,65-95,80,8,18,中高,compiled_from_news_reports_simulated
pollination_service,2021,广西,22.817,108.3665,华南,广西龙州,柑橘,66-96,81,8,18,中高,compiled_from_news_reports_simulated
pollination_service,2022,广西,22.817,108.3665,华南,广西龙州,柑橘,69-99,84,8,18,中高,compiled_from_news_reports_simulated
pollination_service,2023,广西,22.817,108.3665,华南,广西龙州,柑橘,70-100,85,8,18,中高,compiled_from_news_reports_simulated
pollination_service,2024,广西,22.817,108.3665,华南,广西龙州,柑橘,73-103,88,8,18,中高,compiled_from_news_reports_simulated
pollination_service,2025,广西,22.817,108.3665,华南,广西龙州,柑橘,74-104,89,8,18,中高,compiled_from_news_reports_simulated
pollination_service,2018,新疆,43.7928,87.617,西北,新疆昌吉,番茄,451-551,501,8,25,中,compiled_from_news_reports_simulated
pollination_service,2019,新疆,43.7928,87.617,西北,新疆昌吉,番茄,460-560,510,8,25,中,compiled_from_news_reports_simulated
pollination_service,2020,新疆,43.7928,87.617,西北,新疆昌吉,番茄,481-581,531,8,25,中,compiled_from_news_reports_simulated
pollination_service,2021,新疆,43.7928,87.617,西北,新疆昌吉,番茄,486-586,536,8,25,中,compiled_from_news_reports_simulated
pollination_service,2022,新疆,43.7928,87.617,西北,新疆昌吉,番茄,502-602,552,8,25,中,compiled_from_news_reports_simulated
pollination_service,2023,新疆,43.7928,87.617,西北,新疆昌吉,番茄,532-632,582,8,25,中,compiled_from_news_reports_simulated
pollination_service,2024,新疆,43.7928,87.617,西北,新疆昌吉,番茄,553-653,603,8,25,中,compiled_from_news_reports_simulated
pollination_service,2025,新疆,43.7928,87.617,西北,新疆昌吉,番茄,571-671,621,8,25,中,compiled_from_news_reports_simulated
pollination_service,2018,辽宁,41.8057,123.4315,东北,辽宁大连,樱桃,235-335,285,15,20,极高,compiled_from_news_reports_simulated
pollination_service,2019,辽宁,41.8057,123.4315,东北,辽宁大连,樱桃,247-347,297,15,20,极高,compiled_from_news_reports_simulated
pollination_service,2020,辽宁,41.8057,123.4315,东北,辽宁大连,樱桃,260-360,310,15,20,极高,compiled_from_news_reports_simulated
pollination_service,2021,辽宁,41.8057,123.4315,东北,辽宁大连,樱桃,269-369,319,15,20,极高,compiled_from_news_reports_simulated
pollination_service,2022,辽宁,41.8057,123.4315,东北,辽宁大连,樱桃,255-355,305,15,20,极高,compiled_from_news_reports_simulated
pollination_service,2023,辽宁,41.8057,123.4315,东北,辽宁大连,樱桃,283-383,333,15,20,极高,compiled_from_news_reports_simulated
pollination_service,2024,辽宁,41.8057,123.4315,东北,辽宁大连,樱桃,280-380,330,15,20,极高,compiled_from_news_reports_simulated
pollination_service,2025,辽宁,41.8057,123.4315,东北,辽宁大连,樱桃,280-380,330,15,20,极高,compiled_from_news_reports_simulated
pollination_service,2018,陕西,34.3416,108.9398,西北,陕西延安,苹果,173-253,213,10,18,高,compiled_from_news_reports_simulated
pollination_service,2019,陕西,34.3416,108.9398,西北,陕西延安,苹果,184-264,224,10,18,高,compiled_from_news_reports_simulated
pollination_service,2020,陕西,34.3416,108.9398,西北,陕西延安,苹果,189-269,229,10,18,高,compiled_from_news_reports_simulated
pollination_service,2021,陕西,34.3416,108.9398,西北,陕西延安,苹果,190-270,230,10,18,高,compiled_from_news_reports_simulated
pollination_service,2022,陕西,34.3416,108.9398,西北,陕西延安,苹果,198-278,238,10,18,高,compiled_from_news_reports_simulated
pollination_service,2023,陕西,34.3416,108.9398,西北,陕西延安,苹果,216-296,256,10,18,高,compiled_from_news_reports_simulated
pollination_service,2024,陕西,34.3416,108.9398,西北,陕西延安,苹果,215-295,255,10,18,高,compiled_from_news_reports_simulated
pollination_service,2025,陕西,34.3416,108.9398,西北,陕西延安,苹果,228-308,268,10,18,高,compiled_from_news_reports_simulated
pollination_service,2018,甘肃,36.0613,103.834,西北,甘肃天水,苹果,169-249,209,10,18,高,compiled_from_news_reports_simulated
pollination_service,2019,甘肃,36.0613,103.834,西北,甘肃天水,苹果,171-251,211,10,18,高,compiled_from_news_reports_simulated
pollination_service,2020,甘肃,36.0613,103.834,西北,甘肃天水,苹果,165-245,205,10,18,高,compiled_from_news_reports_simulated
pollination_service,2021,甘肃,36.0613,103.834,西北,甘肃天水,苹果,178-258,218,10,18,高,compiled_from_news_reports_simulated
pollination_service,2022,甘肃,36.0613,103.834,西北,甘肃天水,苹果,177-257,217,10,18,高,compiled_from_news_reports_simulated
pollination_service,2023,甘肃,36.0613,103.834,西北,甘肃天水,苹果,189-269,229,10,18,高,compiled_from_news_reports_simulated
pollination_service,2024,甘肃,36.0613,103.834,西北,甘肃天水,苹果,193-273,233,10,18,高,compiled_from_news_reports_simulated
pollination_service,2025,甘肃,36.0613,103.834,西北,甘肃天水,苹果,204-284,244,10,18,高,compiled_from_news_reports_simulated
pollination_service,2018,新疆,43.7928,87.617,西北,新疆库尔勒,梨（香梨）,151-211,181,8,20,高,compiled_from_news_reports_simulated
pollination_service,2019,新疆,43.7928,87.617,西北,新疆库尔勒,梨（香梨）,149-209,179,8,20,高,compiled_from_news_reports_simulated
pollination_service,2020,新疆,43.7928,87.617,西北,新疆库尔勒,梨（香梨）,157-217,187,8,20,高,compiled_from_news_reports_simulated
pollination_service,2021,新疆,43.7928,87.617,西北,新疆库尔勒,梨（香梨）,175-235,205,8,20,高,compiled_from_news_reports_simulated
pollination_service,2022,新疆,43.7928,87.617,西北,新疆库尔勒,梨（香梨）,172-232,202,8,20,高,compiled_from_news_reports_simulated
pollination_service,2023,新疆,43.7928,87.617,西北,新疆库尔勒,梨（香梨）,183-243,213,8,20,高,compiled_from_news_reports_simulated
pollination_service,2024,新疆,43.7928,87.617,西北,新疆库尔勒,梨（香梨）,178-238,208,8,20,高,compiled_from_news_reports_simulated
pollination_service,2025,新疆,43.7928,87.617,西北,新疆库尔勒,梨（香梨）,184-244,214,8,20,高,compiled_from_news_reports_simulated
pollination_service,2018,广东,23.1291,113.2644,华南,广东茂名,荔枝,75-125,100,8,15,高,compiled_from_news_reports_simulated
pollination_service,2019,广东,23.1291,113.2644,华南,广东茂名,荔枝,81-131,106,8,15,高,compiled_from_news_reports_simulated
pollination_service,2020,广东,23.1291,113.2644,华南,广东茂名,荔枝,82-132,107,8,15,高,compiled_from_news_reports_simulated
pollination_service,2021,广东,23.1291,113.2644,华南,广东茂名,荔枝,83-133,108,8,15,高,compiled_from_news_reports_simulated
pollination_service,2022,广东,23.1291,113.2644,华南,广东茂名,荔枝,90-140,115,8,15,高,compiled_from_news_reports_simulated
pollination_service,2023,广东,23.1291,113.2644,华南,广东茂名,荔枝,85-135,110,8,15,高,compiled_from_news_reports_simulated
pollination_service,2024,广东,23.1291,113.2644,华南,广东茂名,荔枝,98-148,123,8,15,高,compiled_from_news_reports_simulated
pollination_service,2025,广东,23.1291,113.2644,华南,广东茂名,荔枝,92-142,117,8,15,高,compiled_from_news_reports_simulated
pollination_service,2018,广西,22.817,108.3665,华南,广西南宁,龙眼,100-150,125,8,15,高,compiled_from_news_reports_simulated
pollination_service,2019,广西,22.817,108.3665,华南,广西南宁,龙眼,98-148,123,8,15,高,compiled_from_news_reports_simulated
pollination_service,2020,广西,22.817,108.3665,华南,广西南宁,龙眼,97-147,122,8,15,高,compiled_from_news_reports_simulated
pollination_service,2021,广西,22.817,108.3665,华南,广西南宁,龙眼,107-157,132,8,15,高,compiled_from_news_reports_simulated
pollination_service,2022,广西,22.817,108.3665,华南,广西南宁,龙眼,108-158,133,8,15,高,compiled_from_news_reports_simulated
pollination_service,2023,广西,22.817,108.3665,华南,广西南宁,龙眼,119-169,144,8,15,高,compiled_from_news_reports_simulated
pollination_service,2024,广西,22.817,108.3665,华南,广西南宁,龙眼,116-166,141,8,15,高,compiled_from_news_reports_simulated
pollination_service,2025,广西,22.817,108.3665,华南,广西南宁,龙眼,123-173,148,8,15,高,compiled_from_news_reports_simulated
pollination_service,2018,云南,25.0389,102.7183,西南,云南大理,蓝莓,383-583,483,18,18,极高,compiled_from_news_reports_simulated
pollination_service,2019,云南,25.0389,102.7183,西南,云南大理,蓝莓,440-640,540,18,18,极高,compiled_from_news_reports_simulated
pollination_service,2020,云南,25.0389,102.7183,西南,云南大理,蓝莓,436-636,536,18,18,极高,compiled_from_news_reports_simulated
pollination_service,2021,云南,25.0389,102.7183,西南,云南大理,蓝莓,459-659,559,18,18,极高,compiled_from_news_reports_simulated
pollination_service,2022,云南,25.0389,102.7183,西南,云南大理,蓝莓,479-679,579,18,18,极高,compiled_from_news_reports_simulated
pollination_service,2023,云南,25.0389,102.7183,西南,云南大理,蓝莓,468-668,568,18,18,极高,compiled_from_news_reports_simulated
pollination_service,2024,云南,25.0389,102.7183,西南,云南大理,蓝莓,473-673,573,18,18,极高,compiled_from_news_reports_simulated
pollination_service,2025,云南,25.0389,102.7183,西南,云南大理,蓝莓,495-695,595,18,18,极高,compiled_from_news_reports_simulated
pollination_service,2018,云南,25.0389,102.7183,西南,云南丽江,苹果,149-209,179,10,18,高,compiled_from_news_reports_simulated
pollination_service,2019,云南,25.0389,102.7183,西南,云南丽江,苹果,161-221,191,10,18,高,compiled_from_news_reports_simulated
pollination_service,2020,云南,25.0389,102.7183,西南,云南丽江,苹果,167-227,197,10,18,高,compiled_from_news_reports_simulated
pollination_service,2021,云南,25.0389,102.7183,西南,云南丽江,苹果,174-234,204,10,18,高,compiled_from_news_reports_simulated
pollination_service,2022,云南,25.0389,102.7183,西南,云南丽江,苹果,176-236,206,10,18,高,compiled_from_news_reports_simulated
pollination_service,2023,云南,25.0389,102.7183,西南,云南丽江,苹果,185-245,215,10,18,高,compiled_from_news_reports_simulated
pollination_service,2024,云南,25.0389,102.7183,西南,云南丽江,苹果,181-241,211,10,18,高,compiled_from_news_reports_simulated
pollination_service,2025,云南,25.0389,102.7183,西南,云南丽江,苹果,195-255,225,10,18,高,compiled_from_news_reports_simulated
pollination_service,2018,贵州,26.6477,106.6302,西南,贵州毕节,猕猴桃,194-294,244,12,15,极高,compiled_from_news_reports_simulated
pollination_service,2019,贵州,26.6477,106.6302,西南,贵州毕节,猕猴桃,218-318,268,12,15,极高,compiled_from_news_reports_simulated
pollination_service,2020,贵州,26.6477,106.6302,西南,贵州毕节,猕猴桃,225-325,275,12,15,极高,compiled_from_news_reports_simulated
pollination_service,2021,贵州,26.6477,106.6302,西南,贵州毕节,猕猴桃,233-333,283,12,15,极高,compiled_from_news_reports_simulated
pollination_service,2022,贵州,26.6477,106.6302,西南,贵州毕节,猕猴桃,228-328,278,12,15,极高,compiled_from_news_reports_simulated
pollination_service,2023,贵州,26.6477,106.6302,西南,贵州毕节,猕猴桃,237-337,287,12,15,极高,compiled_from_news_reports_simulated
pollination_service,2024,贵州,26.6477,106.6302,西南,贵州毕节,猕猴桃,256-356,306,12,15,极高,compiled_from_news_reports_simulated
pollination_service,2025,贵州,26.6477,106.6302,西南,贵州毕节,猕猴桃,251-351,301,12,15,极高,compiled_from_news_reports_simulated
pollination_service,2018,贵州,26.6477,106.6302,西南,贵州遵义,蓝莓,259-409,334,18,18,极高,compiled_from_news_reports_simulated
pollination_service,2019,贵州,26.6477,106.6302,西南,贵州遵义,蓝莓,270-420,345,18,18,极高,compiled_from_news_reports_simulated
pollination_service,2020,贵州,26.6477,106.6302,西南,贵州遵义,蓝莓,307-457,382,18,18,极高,compiled_from_news_reports_simulated
pollination_service,2021,贵州,26.6477,106.6302,西南,贵州遵义,蓝莓,309-459,384,18,18,极高,compiled_from_news_reports_simulated
pollination_service,2022,贵州,26.6477,106.6302,西南,贵州遵义,蓝莓,332-482,407,18,18,极高,compiled_from_news_reports_simulated
pollination_service,2023,贵州,26.6477,106.6302,西南,贵州遵义,蓝莓,343-493,418,18,18,极高,compiled_from_news_reports_simulated
pollination_service,2024,贵州,26.6477,106.6302,西南,贵州遵义,蓝莓,334-484,409,18,18,极高,compiled_from_news_reports_simulated
pollination_service,2025,贵州,26.6477,106.6302,西南,贵州遵义,蓝莓,356-506,431,18,18,极高,compiled_from_news_reports_simulated
pollination_service,2018,湖北,30.5928,114.3055,华中,湖北宜昌,柑橘,93-143,118,6,15,中高,compiled_from_news_reports_simulated
pollination_service,2019,湖北,30.5928,114.3055,华中,湖北宜昌,柑橘,102-152,127,6,15,中高,compiled_from_news_reports_simulated
pollination_service,2020,湖北,30.5928,114.3055,华中,湖北宜昌,柑橘,100-150,125,6,15,中高,compiled_from_news_reports_simulated
pollination_service,2021,湖北,30.5928,114.3055,华中,湖北宜昌,柑橘,111-161,136,6,15,中高,compiled_from_news_reports_simulated
pollination_service,2022,湖北,30.5928,114.3055,华中,湖北宜昌,柑橘,114-164,139,6,15,中高,compiled_from_news_reports_simulated
pollination_service,2023,湖北,30.5928,114.3055,华中,湖北宜昌,柑橘,118-168,143,6,15,中高,compiled_from_news_reports_simulated
pollination_service,2024,湖北,30.5928,114.3055,华中,湖北宜昌,柑橘,112-162,137,6,15,中高,compiled_from_news_reports_simulated
pollination_service,2025,湖北,30.5928,114.3055,华中,湖北宜昌,柑橘,118-168,143,6,15,中高,compiled_from_news_reports_simulated
pollination_service,2018,广西,22.817,108.3665,华南,广西桂林,柑橘,82-122,102,6,15,中高,compiled_from_news_reports_simulated
pollination_service,2019,广西,22.817,108.3665,华南,广西桂林,柑橘,84-124,104,6,15,中高,compiled_from_news_reports_simulated
pollination_service,2020,广西,22.817,108.3665,华南,广西桂林,柑橘,88-128,108,6,15,中高,compiled_from_news_reports_simulated
pollination_service,2021,广西,22.817,108.3665,华南,广西桂林,柑橘,89-129,109,6,15,中高,compiled_from_news_reports_simulated
pollination_service,2022,广西,22.817,108.3665,华南,广西桂林,柑橘,97-137,117,6,15,中高,compiled_from_news_reports_simulated
pollination_service,2023,广西,22.817,108.3665,华南,广西桂林,柑橘,95-135,115,6,15,中高,compiled_from_news_reports_simulated
pollination_service,2024,广西,22.817,108.3665,华南,广西桂林,柑橘,101-141,121,6,15,中高,compiled_from_news_reports_simulated
pollination_service,2025,广西,22.817,108.3665,华南,广西桂林,柑橘,104-144,124,6,15,中高,compiled_from_news_reports_simulated
pollination_service,2018,山东,36.6516,117.1201,华东,山东青岛,蓝莓,282-432,357,18,18,极高,compiled_from_news_reports_simulated
pollination_service,2019,山东,36.6516,117.1201,华东,山东青岛,蓝莓,301-451,376,18,18,极高,compiled_from_news_reports_simulated
pollination_service,2020,山东,36.6516,117.1201,华东,山东青岛,蓝莓,291-441,366,18,18,极高,compiled_from_news_reports_simulated
pollination_service,2021,山东,36.6516,117.1201,华东,山东青岛,蓝莓,322-472,397,18,18,极高,compiled_from_news_reports_simulated
pollination_service,2022,山东,36.6516,117.1201,华东,山东青岛,蓝莓,322-472,397,18,18,极高,compiled_from_news_reports_simulated
pollination_service,2023,山东,36.6516,117.1201,华东,山东青岛,蓝莓,332-482,407,18,18,极高,compiled_from_news_reports_simulated
pollination_service,2024,山东,36.6516,117.1201,华东,山东青岛,蓝莓,345-495,420,18,18,极高,compiled_from_news_reports_simulated
pollination_service,2025,山东,36.6516,117.1201,华东,山东青岛,蓝莓,356-506,431,18,18,极高,compiled_from_news_reports_simulated
pollination_service,2018,辽宁,41.8057,123.4315,东北,辽宁丹东,草莓（大棚）,249-349,299,15,25,高,compiled_from_news_reports_simulated
pollination_service,2019,辽宁,41.8057,123.4315,东北,辽宁丹东,草莓（大棚）,269-369,319,15,25,高,compiled_from_news_reports_simulated
pollination_service,2020,辽宁,41.8057,123.4315,东北,辽宁丹东,草莓（大棚）,255-355,305,15,25,高,compiled_from_news_reports_simulated
pollination_service,2021,辽宁,41.8057,123.4315,东北,辽宁丹东,草莓（大棚）,279-379,329,15,25,高,compiled_from_news_reports_simulated
pollination_service,2022,辽宁,41.8057,123.4315,东北,辽宁丹东,草莓（大棚）,295-395,345,15,25,高,compiled_from_news_reports_simulated
pollination_service,2023,辽宁,41.8057,123.4315,东北,辽宁丹东,草莓（大棚）,307-407,357,15,25,高,compiled_from_news_reports_simulated
pollination_service,2024,辽宁,41.8057,123.4315,东北,辽宁丹东,草莓（大棚）,304-404,354,15,25,高,compiled_from_news_reports_simulated
pollination_service,2025,辽宁,41.8057,123.4315,东北,辽宁丹东,草莓（大棚）,301-401,351,15,25,高,compiled_from_news_reports_simulated
pollination_service,2018,河北,38.0455,114.502,华北,河北保定,梨,141-221,181,10,18,高,compiled_from_news_reports_simulated
pollination_service,2019,河北,38.0455,114.502,华北,河北保定,梨,151-231,191,10,18,高,compiled_from_news_reports_simulated
pollination_service,2020,河北,38.0455,114.502,华北,河北保定,梨,151-231,191,10,18,高,compiled_from_news_reports_simulated
pollination_service,2021,河北,38.0455,114.502,华北,河北保定,梨,163-243,203,10,18,高,compiled_from_news_reports_simulated
pollination_service,2022,河北,38.0455,114.502,华北,河北保定,梨,155-235,195,10,18,高,compiled_from_news_reports_simulated
pollination_service,2023,河北,38.0455,114.502,华北,河北保定,梨,169-249,209,10,18,高,compiled_from_news_reports_simulated
pollination_service,2024,河北,38.0455,114.502,华北,河北保定,梨,172-252,212,10,18,高,compiled_from_news_reports_simulated
pollination_service,2025,河北,38.0455,114.502,华北,河北保定,梨,174-254,214,10,18,高,compiled_from_news_reports_simulated
pollination_service,2018,山西,37.8706,112.5489,华北,山西运城,苹果,160-240,200,10,18,高,compiled_from_news_reports_simulated
pollination_service,2019,山西,37.8706,112.5489,华北,山西运城,苹果,165-245,205,10,18,高,compiled_from_news_reports_simulated
pollination_service,2020,山西,37.8706,112.5489,华北,山西运城,苹果,174-254,214,10,18,高,compiled_from_news_reports_simulated
pollination_service,2021,山西,37.8706,112.5489,华北,山西运城,苹果,178-258,218,10,18,高,compiled_from_news_reports_simulated
pollination_service,2022,山西,37.8706,112.5489,华北,山西运城,苹果,181-261,221,10,18,高,compiled_from_news_reports_simulated
pollination_service,2023,山西,37.8706,112.5489,华北,山西运城,苹果,188-268,228,10,18,高,compiled_from_news_reports_simulated
pollination_service,2024,山西,37.8706,112.5489,华北,山西运城,苹果,203-283,243,10,18,高,compiled_from_news_reports_simulated
pollination_service,2025,山西,37.8706,112.5489,华北,山西运城,苹果,196-276,236,10,18,高,compiled_from_news_reports_simulated
pollination_service,2018,新疆,43.7928,87.617,西北,新疆石河子,棉花,57-97,77,3,20,低,compiled_from_news_reports_simulated
pollination_service,2019,新疆,43.7928,87.617,西北,新疆石河子,棉花,66-106,86,3,20,低,compiled_from_news_reports_simulated
pollination_service,2020,新疆,43.7928,87.617,西北,新疆石河子,棉花,67-107,87,3,20,低,compiled_from_news_reports_simulated
pollination_service,2021,新疆,43.7928,87.617,西北,新疆石河子,棉花,65-105,85,3,20,低,compiled_from_news_reports_simulated
pollination_service,2022,新疆,43.7928,87.617,西北,新疆石河子,棉花,69-109,89,3,20,低,compiled_from_news_reports_simulated
pollination_service,2023,新疆,43.7928,87.617,西北,新疆石河子,棉花,74-114,94,3,20,低,compiled_from_news_reports_simulated
pollination_service,2024,新疆,43.7928,87.617,西北,新疆石河子,棉花,77-117,97,3,20,低,compiled_from_news_reports_simulated
pollination_service,2025,新疆,43.7928,87.617,西北,新疆石河子,棉花,79-119,99,3,20,低,compiled_from_news_reports_simulated
pollination_service,2018,新疆,43.7928,87.617,西北,新疆阿克苏,苹果,189-289,239,10,18,高,compiled_from_news_reports_simulated
pollination_service,2019,新疆,43.7928,87.617,西北,新疆阿克苏,苹果,211-311,261,10,18,高,compiled_from_news_reports_simulated
pollination_service,2020,新疆,43.7928,87.617,西北,新疆阿克苏,苹果,225-325,275,10,18,高,compiled_from_news_reports_simulated
pollination_service,2021,新疆,43.7928,87.617,西北,新疆阿克苏,苹果,223-323,273,10,18,高,compiled_from_news_reports_simulated
pollination_service,2022,新疆,43.7928,87.617,西北,新疆阿克苏,苹果,238-338,288,10,18,高,compiled_from_news_reports_simulated
pollination_service,2023,新疆,43.7928,87.617,西北,新疆阿克苏,苹果,226-326,276,10,18,高,compiled_from_news_reports_simulated
pollination_service,2024,新疆,43.7928,87.617,西北,新疆阿克苏,苹果,234-334,284,10,18,高,compiled_from_news_reports_simulated
pollination_service,2025,新疆,43.7928,87.617,西北,新疆阿克苏,苹果,263-363,313,10,18,高,compiled_from_news_reports_simulated
pollination_service,2018,云南,25.0389,102.7183,西南,云南普洱,咖啡,168-248,208,8,20,中,compiled_from_news_reports_simulated
pollination_service,2019,云南,25.0389,102.7183,西南,云南普洱,咖啡,174-254,214,8,20,中,compiled_from_news_reports_simulated
pollination_service,2020,云南,25.0389,102.7183,西南,云南普洱,咖啡,181-261,221,8,20,中,compiled_from_news_reports_simulated
pollination_service,2021,云南,25.0389,102.7183,西南,云南普洱,咖啡,188-268,228,8,20,中,compiled_from_news_reports_simulated
pollination_service,2022,云南,25.0389,102.7183,西南,云南普洱,咖啡,192-272,232,8,20,中,compiled_from_news_reports_simulated
pollination_service,2023,云南,25.0389,102.7183,西南,云南普洱,咖啡,199-279,239,8,20,中,compiled_from_news_reports_simulated
pollination_service,2024,云南,25.0389,102.7183,西南,云南普洱,咖啡,192-272,232,8,20,中,compiled_from_news_reports_simulated
pollination_service,2025,云南,25.0389,102.7183,西南,云南普洱,咖啡,209-289,249,8,20,中,compiled_from_news_reports_simulated
pollination_service,2018,云南,25.0389,102.7183,西南,云南西双版纳,荔枝,126-176,151,8,15,高,compiled_from_news_reports_simulated
pollination_service,2019,云南,25.0389,102.7183,西南,云南西双版纳,荔枝,123-173,148,8,15,高,compiled_from_news_reports_simulated
pollination_service,2020,云南,25.0389,102.7183,西南,云南西双版纳,荔枝,138-188,163,8,15,高,compiled_from_news_reports_simulated
pollination_service,2021,云南,25.0389,102.7183,西南,云南西双版纳,荔枝,138-188,163,8,15,高,compiled_from_news_reports_simulated
pollination_service,2022,云南,25.0389,102.7183,西南,云南西双版纳,荔枝,140-190,165,8,15,高,compiled_from_news_reports_simulated
pollination_service,2023,云南,25.0389,102.7183,西南,云南西双版纳,荔枝,143-193,168,8,15,高,compiled_from_news_reports_simulated
pollination_service,2024,云南,25.0389,102.7183,西南,云南西双版纳,荔枝,156-206,181,8,15,高,compiled_from_news_reports_simulated
pollination_service,2025,云南,25.0389,102.7183,西南,云南西双版纳,荔枝,157-207,182,8,15,高,compiled_from_news_reports_simulated
pollination_service,2018,江西,28.6829,115.858,华东,江西吉安,柑橘,79-119,99,6,15,中高,compiled_from_news_reports_simulated
pollination_service,2019,江西,28.6829,115.858,华东,江西吉安,柑橘,84-124,104,6,15,中高,compiled_from_news_reports_simulated
pollination_service,2020,江西,28.6829,115.858,华东,江西吉安,柑橘,82-122,102,6,15,中高,compiled_from_news_reports_simulated
pollination_service,2021,江西,28.6829,115.858,华东,江西吉安,柑橘,86-126,106,6,15,中高,compiled_from_news_reports_simulated
pollination_service,2022,江西,28.6829,115.858,华东,江西吉安,柑橘,94-134,114,6,15,中高,compiled_from_news_reports_simulated
pollination_service,2023,江西,28.6829,115.858,华东,江西吉安,柑橘,99-139,119,6,15,中高,compiled_from_news_reports_simulated
pollination_service,2024,江西,28.6829,115.858,华东,江西吉安,柑橘,98-138,118,6,15,中高,compiled_from_news_reports_simulated
pollination_service,2025,江西,28.6829,115.858,华东,江西吉安,柑橘,106-146,126,6,15,中高,compiled_from_news_reports_simulated
