record_type,era,period,dominant_transport,avg_distance_km,route_count,route_pattern,migratory_ratio,key_features,main_routes,route,distance_km,schedule,provinces,main_transport,colonies_national_10k,honey_production_tonnes,yield_kg_per_colony,beekeeper_households,migratory_households,beekeeper_income_yuan,beekeeper_cost_yuan,pollination_income_pct,temp_anomaly_c,flowering_advance_days,route_provinces_count,nectar_chain,data_source
era_summary,1950s-1970s,1950-1979,铁路（蜂群专列）,3000,4,沿铁路干线迁徙,0.35,铁路部门优先办理蜜蜂急运，全国转地蜂群超过总蜂量一半,东线、中线、西线、南线（经典4线雏形）,,,,,,416.5,75000,18.0,,,,,,0（基线）,,,,honey_export_price.csv(FAO); 1970年数据
era_summary,1980s,1980-1989,铁路为主，汽车增多,4000,6,沿公路干线扩展开支,0.38,改革开放后家庭蜂场兴起，汽车运蜂增加，1000km以上也用汽车,东线、中线、西线、南线、浙赣线、鄂豫线,,,,,,701.6,157062,22.4,,,,,,,,,,,honey_export_price.csv(FAO); 1985年数据
era_summary,1990s,1990-1999,铁路/公路混合,4500,8,路线多样化，蜂农探索新蜜源,0.35,运费涨3-4倍，蜂农不堪重负；转地放蜂者大减；公路运输逐步成为主流,经典4线+东北线+西北线+川滇线+粤湘线,,,,,,643.1,177690,27.6,,,,,,,,,,,honey_export_price.csv(FAO); 1995年数据
era_summary,2000s,2000-2009,汽车（高速公路）,4500,10,高速公路网络完善，路线更灵活,0.33,包汽车直达取代火车，一天一夜可达千里之外；手机普及提升信息获取能力,经典4线+6条变体路线,,,,,,833.9,293200,35.2,256098,81951,53000,27000,3.8,0.3,0,,,,honey_export_price.csv; beekeeper_national_annual.csv; bee_product_prices_enriched.csv; climate_factors_province_2000_2023.csv; 数据为2005年左右
era_summary,2010s,2010-2019,汽车（高速公路为主）,4000,12,短途化趋势，小转地增加,0.32,气候变暖导致花期提前3-5天；高速路网发达；部分蜂农转为定地/小转地,经典线+变体线+短途线,,,,,,913.0,473200,51.8,277083,96979,112000,55000,5.4,0.5,2,,,,honey_export_price.csv; beekeeper_national_annual.csv; bee_product_prices_enriched.csv; climate_factors_province_2000_2023.csv; 数据为2015年左右
era_summary,2020s,2020-2025,汽车（高速公路+冷链车）,3500,15,短途化、授粉服务驱动、精准路线规划,0.28,气候持续变暖花期再提前；GPS导航+花期信息App辅助决策；授粉服务收入占10%+,经典4线+变体线+短途线+授粉驱动线,,,,,,949.0,463500,48.8,296226,85906,149600,79000,8.0,0.7,2,,,,honey_export_price.csv; beekeeper_national_annual.csv; bee_product_prices_enriched.csv; climate_factors_province_2000_2023.csv; 数据为2023年左右
classic_route,,,,,,,,,,东线（沿海线）,4500,12-2月福建广东越冬 → 2-3月浙皖油菜 → 4月江苏 → 5月山东刺槐 → 5月辽东半岛 → 6月吉黑椴树 → 7月内蒙,闽粤浙皖苏鲁辽吉黑蒙,公路,,,,,,,,,,,,10,闽粤(12-2月:鸭脚木/野桂花越冬)→浙皖(2-3月:油菜)→苏(4月:油菜/刺槐)→鲁(5月:刺槐/枣花)→辽(5月:刺槐)→吉黑(6-7月:椴树)→蒙(7-8月:向日葵/荞麦),flowering_calendar_by_province.csv; nectar_source_plants.csv
classic_route,,,,,,,,,,中线（京广线）,3500,12月粤桂越冬 → 2月赣湘油菜 → 3月鄂紫云英 → 4月豫刺槐 → 5月豫枣花 → 6月冀京荆条 → 7-8月蒙向日葵,粤桂赣湘鄂豫冀京蒙,铁路/公路,,,,,,,,,,,,9,粤桂(12月:鸭脚木/野桂花越冬)→赣湘(2-3月:油菜/紫云英)→鄂(3-4月:油菜/紫云英)→豫(4-5月:刺槐/枣花)→冀京(5-6月:荆条)→蒙(7-8月:向日葵/荞麦),flowering_calendar_by_province.csv; nectar_source_plants.csv
classic_route,,,,,,,,,,西线（西北线）,5000,12月滇早油菜 → 1-2月川油菜 → 3-4月陕油菜/刺槐 → 6月青油菜 → 6-7月宁甘/蒙 → 夏季疆棉花,滇川陕青宁甘蒙新,公路,,,,,,,,,,,,8,滇(12-2月:油菜/野坝子)→川(2-3月:油菜)→陕(3-4月:油菜/刺槐)→青(5-7月:春油菜)→宁甘(6-7月:老瓜头/荞麦)→蒙(8月:向日葵)→疆(7-9月:棉花),flowering_calendar_by_province.csv; nectar_source_plants.csv
classic_route,,,,,,,,,,南线,3000,2月赣皖油菜 → 4月湘紫云英 → 5月鄂荆条 → 5-6月豫 → 7月鄂湘棉花,闽皖赣湘鄂豫,公路,,,,,,,,,,,,6,闽皖(2-3月:油菜)→赣(3月:油菜/紫云英)→湘(2-3月:油菜/紫云英)→鄂(3-4月:油菜/紫云英/5月荆条)→豫(4-5月:刺槐/枣花/6月荆条)→鄂湘(7-8月:棉花),flowering_calendar_by_province.csv; nectar_source_plants.csv
